video_uid,video_id,true_label,split,sync_score
FAKE__id00020,id00020,1,train,0.5300070643424988
FAKE__id00021,id00021,1,train,0.5397686958312988
FAKE__id00032,id00032,1,train,0.5179711580276489
FAKE__id00033,id00033,1,train,0.5354897975921631
FAKE__id00042,id00042,1,train,0.5356413125991821
FAKE__id00043,id00043,1,train,0.5432075262069702
FAKE__id00049,id00049,1,train,0.5265083312988281
FAKE__id00056,id00056,1,train,0.5330694913864136
FAKE__id00060,id00060,1,train,0.5453909635543823
FAKE__id00063,id00063,1,train,0.5290787816047668
FAKE__id00068,id00068,1,train,0.5056109428405762
FAKE__id00071,id00071,1,train,0.5438226461410522
FAKE__id00080,id00080,1,train,0.5455729365348816
FAKE__id00082,id00082,1,train,0.519403874874115
FAKE__id00097,id00097,1,train,0.5539236664772034
FAKE__id00098,id00098,1,train,0.5301844477653503
FAKE__id00100,id00100,1,train,0.5021835565567017
FAKE__id00103,id00103,1,train,0.5440083146095276
FAKE__id00126,id00126,1,train,0.5392348766326904
FAKE__id00137,id00137,1,train,0.534140408039093
FAKE__id00145,id00145,1,train,0.528748631477356
FAKE__id00149,id00149,1,train,0.5431526303291321
FAKE__id00169,id00169,1,train,0.5258688926696777
FAKE__id00171,id00171,1,train,0.535437822341919
FAKE__id00173,id00173,1,train,0.5121615529060364
FAKE__id00180,id00180,1,train,0.5503911972045898
FAKE__id00185,id00185,1,train,0.515396773815155
FAKE__id00187,id00187,1,train,0.5406075119972229
FAKE__id00188,id00188,1,train,0.5143789052963257
FAKE__id00190,id00190,1,train,0.5303379893302917
FAKE__id00192,id00192,1,train,0.5380836129188538
FAKE__id00231,id00231,1,train,0.5617436766624451
FAKE__id00232,id00232,1,train,0.5541834235191345
FAKE__id00234,id00234,1,train,0.5498660206794739
FAKE__id00241,id00241,1,train,0.5320234894752502
FAKE__id00253,id00253,1,train,0.500055730342865
FAKE__id00262,id00262,1,train,0.5082991123199463
FAKE__id00264,id00264,1,train,0.5384867787361145
FAKE__id00265,id00265,1,train,0.5213593244552612
FAKE__id00266,id00266,1,train,0.5104568600654602
FAKE__id00271,id00271,1,train,0.543444037437439
FAKE__id00272,id00272,1,train,0.5018203854560852
FAKE__id00282,id00282,1,train,0.510089099407196
FAKE__id00287,id00287,1,train,0.5365039110183716
FAKE__id00291,id00291,1,train,0.5475687980651855
FAKE__id00292,id00292,1,train,0.5628079771995544
FAKE__id00305,id00305,1,train,0.5398752093315125
FAKE__id00306,id00306,1,train,0.5269076824188232
FAKE__id00325,id00325,1,train,0.5449552536010742
FAKE__id00328,id00328,1,train,0.5368053317070007
FAKE__id00332,id00332,1,train,0.5160587430000305
FAKE__id00345,id00345,1,train,0.5056410431861877
FAKE__id00350,id00350,1,train,0.5300137400627136
FAKE__id00358,id00358,1,train,0.5077967047691345
FAKE__id00363,id00363,1,train,0.5199835300445557
FAKE__id00365,id00365,1,train,0.5196875333786011
FAKE__id00366,id00366,1,train,0.5549796223640442
FAKE__id00373,id00373,1,train,0.5378900170326233
FAKE__id00379,id00379,1,train,0.5018792748451233
FAKE__id00381,id00381,1,train,0.5538670420646667
FAKE__id00383,id00383,1,train,0.5416276454925537
FAKE__id00385,id00385,1,train,0.5171120166778564
FAKE__id00391,id00391,1,train,0.5275854468345642
FAKE__id00398,id00398,1,train,0.5106635689735413
FAKE__id00414,id00414,1,train,0.5595945715904236
FAKE__id00415,id00415,1,train,0.5186147093772888
FAKE__id00417,id00417,1,train,0.5446606874465942
FAKE__id00418,id00418,1,train,0.5361537337303162
FAKE__id00430,id00430,1,train,0.531495988368988
FAKE__id00431,id00431,1,train,0.527381420135498
FAKE__id00434,id00434,1,train,0.5423881411552429
FAKE__id00458,id00458,1,train,0.5327252745628357
FAKE__id00461,id00461,1,train,0.524667501449585
FAKE__id00462,id00462,1,train,0.5132787823677063
FAKE__id00478,id00478,1,train,0.5057393312454224
FAKE__id00491,id00491,1,train,0.507358729839325
FAKE__id00496,id00496,1,train,0.5545632839202881
FAKE__id00518,id00518,1,train,0.532568633556366
FAKE__id00529,id00529,1,train,0.5029488801956177
FAKE__id00548,id00548,1,train,0.5129790902137756
FAKE__id00555,id00555,1,train,0.511476457118988
FAKE__id00559,id00559,1,train,0.5334758758544922
FAKE__id00560,id00560,1,train,0.5374976396560669
FAKE__id00566,id00566,1,train,0.5364163517951965
FAKE__id00569,id00569,1,train,0.5282940864562988
FAKE__id00575,id00575,1,train,0.5207634568214417
FAKE__id00577,id00577,1,train,0.5278743505477905
FAKE__id00589,id00589,1,train,0.5414908528327942
FAKE__id00591,id00591,1,train,0.5005961060523987
FAKE__id00592,id00592,1,train,0.5416615605354309
FAKE__id00594,id00594,1,train,0.5286280512809753
FAKE__id00616,id00616,1,train,0.5377900004386902
FAKE__id00618,id00618,1,train,0.5221447348594666
FAKE__id00680,id00680,1,train,0.516876757144928
FAKE__id00685,id00685,1,train,0.5220152139663696
FAKE__id00694,id00694,1,train,0.5055704116821289
FAKE__id00696,id00696,1,train,0.517492949962616
FAKE__id00701,id00701,1,train,0.5215229988098145
FAKE__id00709,id00709,1,train,0.5460957884788513
FAKE__id00732,id00732,1,train,0.5553597211837769
FAKE__id00735,id00735,1,train,0.5014762878417969
FAKE__id00740,id00740,1,train,0.5518696904182434
FAKE__id00745,id00745,1,train,0.5522701740264893
FAKE__id00747,id00747,1,train,0.5264105796813965
FAKE__id00752,id00752,1,train,0.506817638874054
FAKE__id00761,id00761,1,train,0.5322540402412415
FAKE__id00773,id00773,1,train,0.5080822706222534
FAKE__id00775,id00775,1,train,0.49694550037384033
FAKE__id00806,id00806,1,train,0.5189202427864075
FAKE__id00826,id00826,1,train,0.5450482368469238
FAKE__id00829,id00829,1,train,0.5264951586723328
FAKE__id00841,id00841,1,train,0.5419023633003235
FAKE__id00848,id00848,1,train,0.5427550673484802
FAKE__id00857,id00857,1,train,0.5385006666183472
FAKE__id00863,id00863,1,train,0.5110071301460266
FAKE__id00897,id00897,1,train,0.5063276886940002
FAKE__id00909,id00909,1,train,0.5333340167999268
FAKE__id00943,id00943,1,train,0.5373865365982056
FAKE__id00945,id00945,1,train,0.5264895558357239
FAKE__id00946,id00946,1,train,0.5120319128036499
FAKE__id00971,id00971,1,train,0.5378261804580688
FAKE__id00981,id00981,1,train,0.5222355723381042
FAKE__id00999,id00999,1,train,0.5189159512519836
FAKE__id01001,id01001,1,train,0.5412410497665405
FAKE__id01005,id01005,1,train,0.5184110403060913
FAKE__id01018,id01018,1,train,0.5494288802146912
FAKE__id01026,id01026,1,train,0.5229238867759705
FAKE__id01036,id01036,1,train,0.5113328695297241
FAKE__id01044,id01044,1,train,0.5331507325172424
FAKE__id01048,id01048,1,train,0.5295324921607971
FAKE__id01051,id01051,1,train,0.532174289226532
FAKE__id01052,id01052,1,train,0.5142600536346436
FAKE__id01058,id01058,1,train,0.5413759350776672
FAKE__id01075,id01075,1,train,0.5360018610954285
FAKE__id01098,id01098,1,train,0.521694004535675
FAKE__id01099,id01099,1,train,0.5250796675682068
FAKE__id01123,id01123,1,train,0.5599280595779419
FAKE__id01124,id01124,1,train,0.5371322631835938
FAKE__id01126,id01126,1,train,0.5178187489509583
FAKE__id01156,id01156,1,train,0.5563406944274902
FAKE__id01157,id01157,1,train,0.533452570438385
FAKE__id01163,id01163,1,train,0.5070836544036865
FAKE__id01168,id01168,1,train,0.5505092740058899
FAKE__id01178,id01178,1,train,0.5447688698768616
FAKE__id01182,id01182,1,train,0.5508094429969788
FAKE__id01192,id01192,1,train,0.5050243735313416
FAKE__id01204,id01204,1,train,0.5387945175170898
FAKE__id01210,id01210,1,train,0.4898167550563812
FAKE__id01211,id01211,1,train,0.5192402601242065
FAKE__id01212,id01212,1,train,0.5342234373092651
FAKE__id01216,id01216,1,train,0.566035270690918
FAKE__id01217,id01217,1,train,0.5287014245986938
FAKE__id01223,id01223,1,train,0.5408350825309753
FAKE__id01225,id01225,1,train,0.5171799659729004
FAKE__id01227,id01227,1,train,0.513694703578949
FAKE__id01231,id01231,1,train,0.5174424052238464
FAKE__id01238,id01238,1,train,0.5200762152671814
FAKE__id01239,id01239,1,train,0.543127179145813
FAKE__id01245,id01245,1,train,0.5262269377708435
FAKE__id01248,id01248,1,train,0.5315201282501221
FAKE__id01451,id01451,1,train,0.5073389410972595
FAKE__id01528,id01528,1,train,0.5466014742851257
FAKE__id01532,id01532,1,train,0.5244304537773132
FAKE__id01589,id01589,1,train,0.5349293947219849
FAKE__id01597,id01597,1,train,0.5310509204864502
FAKE__id01610,id01610,1,train,0.5336405634880066
FAKE__id01637,id01637,1,train,0.5405079126358032
FAKE__id01661,id01661,1,train,0.508615255355835
FAKE__id01691,id01691,1,train,0.5360525846481323
FAKE__id01783,id01783,1,train,0.5284565091133118
FAKE__id01835,id01835,1,train,0.5409778952598572
FAKE__id01838,id01838,1,train,0.5369085669517517
FAKE__id01856,id01856,1,train,0.5194632411003113
FAKE__id01907,id01907,1,train,0.5271608233451843
FAKE__id01920,id01920,1,train,0.5277474522590637
FAKE__id01933,id01933,1,train,0.5195236802101135
FAKE__id02005,id02005,1,train,0.5507463812828064
FAKE__id02040,id02040,1,train,0.5347003936767578
FAKE__id02051,id02051,1,train,0.5069261789321899
FAKE__id02071,id02071,1,train,0.48202019929885864
FAKE__id02089,id02089,1,train,0.5364689826965332
FAKE__id02268,id02268,1,train,0.5114800333976746
FAKE__id02310,id02310,1,train,0.5114544630050659
FAKE__id02316,id02316,1,train,0.511634111404419
FAKE__id02332,id02332,1,train,0.5230807662010193
FAKE__id02342,id02342,1,train,0.5380843281745911
FAKE__id02464,id02464,1,train,0.5221405029296875
FAKE__id02493,id02493,1,train,0.5422578454017639
FAKE__id02494,id02494,1,train,0.5076409578323364
FAKE__id02508,id02508,1,train,0.5203943848609924
FAKE__id02561,id02561,1,train,0.515829861164093
FAKE__id02567,id02567,1,train,0.5189318060874939
FAKE__id02586,id02586,1,train,0.5294640064239502
FAKE__id02619,id02619,1,train,0.5187434554100037
FAKE__id02721,id02721,1,train,0.5227924585342407
FAKE__id02808,id02808,1,train,0.5180436968803406
FAKE__id02824,id02824,1,train,0.5361957550048828
FAKE__id02838,id02838,1,train,0.5248268842697144
FAKE__id03103,id03103,1,train,0.5320219397544861
FAKE__id03168,id03168,1,train,0.5473061800003052
FAKE__id03205,id03205,1,train,0.5457836985588074
FAKE__id03211,id03211,1,train,0.5256576538085938
FAKE__id03344,id03344,1,train,0.535019040107727
FAKE__id03371,id03371,1,train,0.5480664372444153
FAKE__id03379,id03379,1,train,0.5204225182533264
FAKE__id03525,id03525,1,train,0.5187668204307556
FAKE__id03559,id03559,1,train,0.5780518651008606
FAKE__id03569,id03569,1,train,0.5424943566322327
FAKE__id03599,id03599,1,train,0.5215736627578735
FAKE__id03605,id03605,1,train,0.5387111902236938
FAKE__id03649,id03649,1,train,0.5301706194877625
FAKE__id03651,id03651,1,train,0.5291398167610168
FAKE__id03656,id03656,1,train,0.5226805806159973
FAKE__id03658,id03658,1,train,0.5378597378730774
FAKE__id03678,id03678,1,train,0.502082109451294
FAKE__id03696,id03696,1,train,0.5069748759269714
FAKE__id03707,id03707,1,train,0.5536711812019348
FAKE__id03713,id03713,1,train,0.5005270838737488
FAKE__id03716,id03716,1,train,0.5062451362609863
FAKE__id03747,id03747,1,train,0.532926619052887
FAKE__id03757,id03757,1,train,0.5134093761444092
FAKE__id03816,id03816,1,train,0.5270219445228577
FAKE__id03844,id03844,1,train,0.5253100991249084
FAKE__id03858,id03858,1,train,0.5512819886207581
FAKE__id03889,id03889,1,train,0.5101490020751953
FAKE__id03940,id03940,1,train,0.5230550169944763
FAKE__id03941,id03941,1,train,0.550829291343689
FAKE__id03945,id03945,1,train,0.5156490802764893
FAKE__id03965,id03965,1,train,0.5253380537033081
FAKE__id04034,id04034,1,train,0.5368220806121826
FAKE__id04055,id04055,1,train,0.505192220211029
FAKE__id04070,id04070,1,train,0.5407600998878479
FAKE__id04073,id04073,1,train,0.5240530371665955
FAKE__id04216,id04216,1,train,0.5520085096359253
FAKE__id04219,id04219,1,train,0.5220186710357666
FAKE__id04221,id04221,1,train,0.5371036529541016
FAKE__id04222,id04222,1,train,0.5016124844551086
FAKE__id04374,id04374,1,train,0.5669723749160767
FAKE__id04376,id04376,1,train,0.5307822227478027
FAKE__id04437,id04437,1,train,0.5170691013336182
FAKE__id04490,id04490,1,train,0.551480233669281
FAKE__id04526,id04526,1,train,0.5237950682640076
FAKE__id04529,id04529,1,train,0.5372560024261475
FAKE__id04530,id04530,1,train,0.5294209718704224
FAKE__id04537,id04537,1,train,0.5185374021530151
FAKE__id04540,id04540,1,train,0.5484241247177124
FAKE__id04547,id04547,1,train,0.522510826587677
FAKE__id04560,id04560,1,train,0.5291260480880737
FAKE__id04562,id04562,1,train,0.5456791520118713
FAKE__id04564,id04564,1,train,0.5197654366493225
FAKE__id04599,id04599,1,train,0.5227341651916504
FAKE__id04601,id04601,1,train,0.5031041502952576
FAKE__id04691,id04691,1,train,0.5062365531921387
FAKE__id04701,id04701,1,train,0.5700704455375671
FAKE__id04705,id04705,1,train,0.542999267578125
FAKE__id04727,id04727,1,train,0.5400756597518921
FAKE__id04927,id04927,1,train,0.5494877099990845
FAKE__id05106,id05106,1,train,0.5263691544532776
FAKE__id05231,id05231,1,train,0.5246447324752808
FAKE__id05235,id05235,1,train,0.5270318984985352
FAKE__id05252,id05252,1,train,0.5119560360908508
FAKE__id05332,id05332,1,train,0.5577645897865295
FAKE__id05435,id05435,1,train,0.48342880606651306
FAKE__id05478,id05478,1,train,0.5380558967590332
FAKE__id05576,id05576,1,train,0.5421698093414307
FAKE__id05631,id05631,1,train,0.5243006348609924
FAKE__id05743,id05743,1,train,0.5140370726585388
FAKE__id05844,id05844,1,train,0.5338285565376282
FAKE__id05845,id05845,1,train,0.5108640789985657
FAKE__id05920,id05920,1,train,0.5857224464416504
FAKE__id05931,id05931,1,train,0.5088383555412292
FAKE__id06060,id06060,1,train,0.5317687392234802
FAKE__id06061,id06061,1,train,0.5406262278556824
FAKE__id06065,id06065,1,train,0.5315447449684143
FAKE__id06066,id06066,1,train,0.5449031591415405
FAKE__id06158,id06158,1,train,0.5220798850059509
FAKE__id06232,id06232,1,train,0.5094927549362183
FAKE__id06254,id06254,1,train,0.5156656503677368
FAKE__id06268,id06268,1,train,0.5134992599487305
FAKE__id06269,id06269,1,train,0.5478809475898743
FAKE__id06334,id06334,1,train,0.5077860951423645
FAKE__id06354,id06354,1,train,0.5146349668502808
FAKE__id06355,id06355,1,train,0.5427374243736267
FAKE__id06388,id06388,1,train,0.491265207529068
FAKE__id06427,id06427,1,train,0.524115264415741
FAKE__id06437,id06437,1,train,0.5277847647666931
FAKE__id06438,id06438,1,train,0.5212841629981995
FAKE__id06439,id06439,1,train,0.5034165978431702
FAKE__id06443,id06443,1,train,0.507976233959198
FAKE__id06462,id06462,1,train,0.5183448791503906
FAKE__id06467,id06467,1,train,0.4823923408985138
FAKE__id06470,id06470,1,train,0.5165495276451111
FAKE__id06752,id06752,1,train,0.5289937853813171
FAKE__id06753,id06753,1,train,0.5404388308525085
FAKE__id07008,id07008,1,train,0.5239468216896057
FAKE__id07049,id07049,1,train,0.5508730411529541
FAKE__id07078,id07078,1,train,0.5240544676780701
FAKE__id07102,id07102,1,train,0.5189281702041626
FAKE__id07108,id07108,1,train,0.5283494591712952
FAKE__id07136,id07136,1,train,0.5340654850006104
FAKE__id07161,id07161,1,train,0.5360841155052185
FAKE__id07182,id07182,1,train,0.5188180804252625
FAKE__id07194,id07194,1,train,0.5114859342575073
FAKE__id07195,id07195,1,train,0.5334522724151611
FAKE__id07200,id07200,1,train,0.5108319520950317
FAKE__id07210,id07210,1,train,0.5261480212211609
FAKE__id07233,id07233,1,train,0.5168709754943848
FAKE__id07236,id07236,1,train,0.5323822498321533
FAKE__id07383,id07383,1,train,0.5465845465660095
FAKE__id07463,id07463,1,train,0.5285556316375732
FAKE__id07686,id07686,1,train,0.53343665599823
FAKE__id07689,id07689,1,train,0.537634015083313
FAKE__id07768,id07768,1,train,0.5126447677612305
FAKE__id07799,id07799,1,train,0.543484091758728
FAKE__id07901,id07901,1,train,0.5362308621406555
FAKE__id08313,id08313,1,train,0.5247387886047363
FAKE__id08314,id08314,1,train,0.530980110168457
FAKE__id08397,id08397,1,train,0.5421146750450134
FAKE__id08402,id08402,1,train,0.5299820899963379
FAKE__id08613,id08613,1,train,0.5507344007492065
FAKE__id09053,id09053,1,train,0.5491836071014404
FAKE__id09116,id09116,1,train,0.5262117385864258
FAKE__id09143,id09143,1,train,0.49623972177505493
FAKE__id09171,id09171,1,train,0.5523387789726257
FAKE__id09174,id09174,1,train,0.5342327952384949
FAKE__id09181,id09181,1,train,0.5131261944770813
REAL__id00020,id00020,0,train,0.5390000343322754
REAL__id00021,id00021,0,train,0.5227002501487732
REAL__id00025,id00025,0,train,0.5584154725074768
REAL__id00029,id00029,0,train,0.5024775266647339
REAL__id00032,id00032,0,train,0.5541774034500122
REAL__id00033,id00033,0,train,0.5141777992248535
REAL__id00042,id00042,0,train,0.5224833488464355
REAL__id00043,id00043,0,train,0.5316491723060608
REAL__id00049,id00049,0,train,0.5228471755981445
REAL__id00052,id00052,0,train,0.527600884437561
REAL__id00055,id00055,0,train,0.5116087198257446
REAL__id00056,id00056,0,train,0.5338366031646729
REAL__id00063,id00063,0,train,0.5222951769828796
REAL__id00068,id00068,0,train,0.5132327675819397
REAL__id00071,id00071,0,train,0.5202930569648743
REAL__id00076,id00076,0,train,0.5488789081573486
REAL__id00078,id00078,0,train,0.5098099708557129
REAL__id00088,id00088,0,train,0.5489184260368347
REAL__id00097,id00097,0,train,0.5318037867546082
REAL__id00098,id00098,0,train,0.5257775783538818
REAL__id00100,id00100,0,train,0.5386626720428467
REAL__id00103,id00103,0,train,0.5426875948905945
REAL__id00126,id00126,0,train,0.5218939781188965
REAL__id00137,id00137,0,train,0.5185404419898987
REAL__id00145,id00145,0,train,0.5186011791229248
REAL__id00149,id00149,0,train,0.547324001789093
REAL__id00169,id00169,0,train,0.5340996384620667
REAL__id00173,id00173,0,train,0.5450190901756287
REAL__id00180,id00180,0,train,0.5523815751075745
REAL__id00183,id00183,0,train,0.5066417455673218
REAL__id00185,id00185,0,train,0.5292160511016846
REAL__id00186,id00186,0,train,0.5543447732925415
REAL__id00187,id00187,0,train,0.538615882396698
REAL__id00188,id00188,0,train,0.5351911187171936
REAL__id00190,id00190,0,train,0.5210361480712891
REAL__id00192,id00192,0,train,0.49113115668296814
REAL__id00220,id00220,0,train,0.5198290944099426
REAL__id00225,id00225,0,train,0.5179990530014038
REAL__id00232,id00232,0,train,0.5394190549850464
REAL__id00235,id00235,0,train,0.5132876634597778
REAL__id00243,id00243,0,train,0.49917829036712646
REAL__id00261,id00261,0,train,0.5188139081001282
REAL__id00262,id00262,0,train,0.4950747489929199
REAL__id00264,id00264,0,train,0.5269412994384766
REAL__id00266,id00266,0,train,0.5248010158538818
REAL__id00270,id00270,0,train,0.5153562426567078
REAL__id00271,id00271,0,train,0.514976441860199
REAL__id00272,id00272,0,train,0.5116885900497437
REAL__id00282,id00282,0,train,0.5297408103942871
REAL__id00287,id00287,0,train,0.5034539103507996
REAL__id00291,id00291,0,train,0.5261031985282898
REAL__id00292,id00292,0,train,0.5430452227592468
REAL__id00305,id00305,0,train,0.5406115651130676
REAL__id00306,id00306,0,train,0.5129362940788269
REAL__id00325,id00325,0,train,0.5339860916137695
REAL__id00328,id00328,0,train,0.4945562481880188
REAL__id00332,id00332,0,train,0.5207086205482483
REAL__id00345,id00345,0,train,0.517447829246521
REAL__id00350,id00350,0,train,0.5102204084396362
REAL__id00358,id00358,0,train,0.5381461381912231
REAL__id00359,id00359,0,train,0.521476686000824
REAL__id00363,id00363,0,train,0.49569618701934814
REAL__id00365,id00365,0,train,0.5261390805244446
REAL__id00366,id00366,0,train,0.5069907307624817
REAL__id00371,id00371,0,train,0.5082562565803528
REAL__id00373,id00373,0,train,0.49461090564727783
REAL__id00374,id00374,0,train,0.5228715538978577
REAL__id00379,id00379,0,train,0.5151998996734619
REAL__id00381,id00381,0,train,0.5451846718788147
REAL__id00383,id00383,0,train,0.47041383385658264
REAL__id00395,id00395,0,train,0.5301308631896973
REAL__id00398,id00398,0,train,0.5415439605712891
REAL__id00414,id00414,0,train,0.5271358489990234
REAL__id00415,id00415,0,train,0.5368087291717529
REAL__id00417,id00417,0,train,0.5377068519592285
REAL__id00418,id00418,0,train,0.526297926902771
REAL__id00428,id00428,0,train,0.5337420105934143
REAL__id00430,id00430,0,train,0.5226137638092041
REAL__id00431,id00431,0,train,0.5141022801399231
REAL__id00458,id00458,0,train,0.5499972701072693
REAL__id00459,id00459,0,train,0.5112285614013672
REAL__id00461,id00461,0,train,0.5364418029785156
REAL__id00462,id00462,0,train,0.5174831748008728
REAL__id00475,id00475,0,train,0.5092571377754211
REAL__id00478,id00478,0,train,0.5163992643356323
REAL__id00484,id00484,0,train,0.5264235138893127
REAL__id00488,id00488,0,train,0.5365840196609497
REAL__id00491,id00491,0,train,0.4883885085582733
REAL__id00495,id00495,0,train,0.5379607677459717
REAL__id00496,id00496,0,train,0.5350355505943298
REAL__id00498,id00498,0,train,0.5360028147697449
REAL__id00518,id00518,0,train,0.5101054906845093
REAL__id00519,id00519,0,train,0.5117173790931702
REAL__id00520,id00520,0,train,0.5191007852554321
REAL__id00529,id00529,0,train,0.5668305158615112
REAL__id00548,id00548,0,train,0.5111702680587769
REAL__id00554,id00554,0,train,0.5168749690055847
REAL__id00559,id00559,0,train,0.5422480702400208
REAL__id00560,id00560,0,train,0.47236230969429016
REAL__id00566,id00566,0,train,0.5261196494102478
REAL__id00568,id00568,0,train,0.5164217352867126
REAL__id00569,id00569,0,train,0.571001410484314
REAL__id00575,id00575,0,train,0.5265798568725586
REAL__id00577,id00577,0,train,0.49938759207725525
REAL__id00582,id00582,0,train,0.5391886234283447
REAL__id00589,id00589,0,train,0.5495560765266418
REAL__id00591,id00591,0,train,0.5296756029129028
REAL__id00594,id00594,0,train,0.5235487818717957
REAL__id00597,id00597,0,train,0.49434012174606323
REAL__id00616,id00616,0,train,0.5250798463821411
REAL__id00618,id00618,0,train,0.5247941017150879
REAL__id00633,id00633,0,train,0.5477898120880127
REAL__id00634,id00634,0,train,0.5553545951843262
REAL__id00680,id00680,0,train,0.540143609046936
REAL__id00685,id00685,0,train,0.5207315683364868
REAL__id00694,id00694,0,train,0.5247395038604736
REAL__id00696,id00696,0,train,0.5092936158180237
REAL__id00701,id00701,0,train,0.5439744591712952
REAL__id00707,id00707,0,train,0.5263922810554504
REAL__id00709,id00709,0,train,0.5180608630180359
REAL__id00735,id00735,0,train,0.4981015920639038
REAL__id00740,id00740,0,train,0.5176798105239868
REAL__id00745,id00745,0,train,0.5106885433197021
REAL__id00747,id00747,0,train,0.5332119464874268
REAL__id00752,id00752,0,train,0.5431848168373108
REAL__id00761,id00761,0,train,0.5335907936096191
REAL__id00763,id00763,0,train,0.5243585705757141
REAL__id00773,id00773,0,train,0.521181583404541
REAL__id00781,id00781,0,train,0.5221035480499268
REAL__id00806,id00806,0,train,0.5449338555335999
REAL__id00813,id00813,0,train,0.5567281246185303
REAL__id00826,id00826,0,train,0.5331826210021973
REAL__id00829,id00829,0,train,0.5318936109542847
REAL__id00832,id00832,0,train,0.5439220070838928
REAL__id00835,id00835,0,train,0.5285956263542175
REAL__id00841,id00841,0,train,0.5413931012153625
REAL__id00857,id00857,0,train,0.47816184163093567
REAL__id00863,id00863,0,train,0.4740460515022278
REAL__id00897,id00897,0,train,0.5345218777656555
REAL__id00909,id00909,0,train,0.5445182919502258
REAL__id00919,id00919,0,train,0.5104242563247681
REAL__id00935,id00935,0,train,0.5223513841629028
REAL__id00943,id00943,0,train,0.49618592858314514
REAL__id00944,id00944,0,train,0.523227334022522
REAL__id00945,id00945,0,train,0.5125238299369812
REAL__id00946,id00946,0,train,0.4995791018009186
REAL__id00963,id00963,0,train,0.5422676205635071
REAL__id00990,id00990,0,train,0.5109934210777283
REAL__id01001,id01001,0,train,0.5259127616882324
REAL__id01002,id01002,0,train,0.5290794968605042
REAL__id01004,id01004,0,train,0.5150027275085449
REAL__id01005,id01005,0,train,0.539560079574585
REAL__id01018,id01018,0,train,0.5200039744377136
REAL__id01026,id01026,0,train,0.5209019184112549
REAL__id01035,id01035,0,train,0.49759966135025024
REAL__id01036,id01036,0,train,0.5268782377243042
REAL__id01044,id01044,0,train,0.5484933257102966
REAL__id01048,id01048,0,train,0.5237444639205933
REAL__id01051,id01051,0,train,0.5316053628921509
REAL__id01075,id01075,0,train,0.5275198221206665
REAL__id01076,id01076,0,train,0.500188946723938
REAL__id01091,id01091,0,train,0.5224480628967285
REAL__id01096,id01096,0,train,0.5451267957687378
REAL__id01098,id01098,0,train,0.5191612839698792
REAL__id01099,id01099,0,train,0.5297680497169495
REAL__id01124,id01124,0,train,0.5377814769744873
REAL__id01126,id01126,0,train,0.5291351675987244
REAL__id01156,id01156,0,train,0.5281291604042053
REAL__id01157,id01157,0,train,0.5138084292411804
REAL__id01163,id01163,0,train,0.508561909198761
REAL__id01168,id01168,0,train,0.5146403908729553
REAL__id01170,id01170,0,train,0.5276579856872559
REAL__id01175,id01175,0,train,0.4966569244861603
REAL__id01178,id01178,0,train,0.5320685505867004
REAL__id01179,id01179,0,train,0.4887358546257019
REAL__id01182,id01182,0,train,0.5174573659896851
REAL__id01192,id01192,0,train,0.526762068271637
REAL__id01201,id01201,0,train,0.5431196093559265
REAL__id01204,id01204,0,train,0.5109220147132874
REAL__id01207,id01207,0,train,0.5219188928604126
REAL__id01210,id01210,0,train,0.5286304950714111
REAL__id01211,id01211,0,train,0.5194063186645508
REAL__id01215,id01215,0,train,0.5434059500694275
REAL__id01216,id01216,0,train,0.5263339281082153
REAL__id01217,id01217,0,train,0.5290366411209106
REAL__id01223,id01223,0,train,0.5167682766914368
REAL__id01225,id01225,0,train,0.5126855373382568
REAL__id01231,id01231,0,train,0.5133834481239319
REAL__id01238,id01238,0,train,0.5062556862831116
REAL__id01239,id01239,0,train,0.5474206805229187
REAL__id01245,id01245,0,train,0.51692795753479
REAL__id01248,id01248,0,train,0.5220277905464172
REAL__id01281,id01281,0,train,0.5426656007766724
REAL__id01392,id01392,0,train,0.5171011686325073
REAL__id01451,id01451,0,train,0.5184953808784485
REAL__id01528,id01528,0,train,0.5268971920013428
REAL__id01530,id01530,0,train,0.5585057735443115
REAL__id01532,id01532,0,train,0.5173277854919434
REAL__id01544,id01544,0,train,0.5177502632141113
REAL__id01597,id01597,0,train,0.5239772796630859
REAL__id01610,id01610,0,train,0.513190746307373
REAL__id01637,id01637,0,train,0.5339127779006958
REAL__id01661,id01661,0,train,0.5333505868911743
REAL__id01717,id01717,0,train,0.5005518198013306
REAL__id01779,id01779,0,train,0.5322502255439758
REAL__id01783,id01783,0,train,0.5492202043533325
REAL__id01835,id01835,0,train,0.5362766981124878
REAL__id01838,id01838,0,train,0.5063122510910034
REAL__id01907,id01907,0,train,0.5196821689605713
REAL__id01920,id01920,0,train,0.5267157554626465
REAL__id01972,id01972,0,train,0.5440352559089661
REAL__id01995,id01995,0,train,0.516879141330719
REAL__id02040,id02040,0,train,0.5217978954315186
REAL__id02051,id02051,0,train,0.5015031099319458
REAL__id02071,id02071,0,train,0.514705240726471
REAL__id02089,id02089,0,train,0.5328428745269775
REAL__id02268,id02268,0,train,0.5285405516624451
REAL__id02296,id02296,0,train,0.5238856077194214
REAL__id02301,id02301,0,train,0.5216463804244995
REAL__id02310,id02310,0,train,0.5319890975952148
REAL__id02316,id02316,0,train,0.5039775967597961
REAL__id02332,id02332,0,train,0.5182963609695435
REAL__id02342,id02342,0,train,0.5123892426490784
REAL__id02365,id02365,0,train,0.5192936062812805
REAL__id02464,id02464,0,train,0.5318927764892578
REAL__id02466,id02466,0,train,0.5090553760528564
REAL__id02493,id02493,0,train,0.528255820274353
REAL__id02494,id02494,0,train,0.5136803388595581
REAL__id02553,id02553,0,train,0.5205369591712952
REAL__id02561,id02561,0,train,0.5183631777763367
REAL__id02567,id02567,0,train,0.5123777389526367
REAL__id02586,id02586,0,train,0.5370725393295288
REAL__id02587,id02587,0,train,0.5290541648864746
REAL__id02617,id02617,0,train,0.5285382866859436
REAL__id02619,id02619,0,train,0.505646288394928
REAL__id02721,id02721,0,train,0.5301676392555237
REAL__id02807,id02807,0,train,0.5326917767524719
REAL__id02808,id02808,0,train,0.520348846912384
REAL__id02824,id02824,0,train,0.5145462155342102
REAL__id02838,id02838,0,train,0.5160115361213684
REAL__id03028,id03028,0,train,0.5197194814682007
REAL__id03168,id03168,0,train,0.5195557475090027
REAL__id03180,id03180,0,train,0.5349336266517639
REAL__id03205,id03205,0,train,0.5118846297264099
REAL__id03211,id03211,0,train,0.5123228430747986
REAL__id03371,id03371,0,train,0.5341196656227112
REAL__id03525,id03525,0,train,0.5360881686210632
REAL__id03556,id03556,0,train,0.5249610543251038
REAL__id03559,id03559,0,train,0.5325049161911011
REAL__id03589,id03589,0,train,0.5493049025535583
REAL__id03599,id03599,0,train,0.5079594254493713
REAL__id03605,id03605,0,train,0.4931771457195282
REAL__id03620,id03620,0,train,0.5109477639198303
REAL__id03649,id03649,0,train,0.5176249742507935
REAL__id03651,id03651,0,train,0.5231595039367676
REAL__id03656,id03656,0,train,0.5103585720062256
REAL__id03658,id03658,0,train,0.5546839237213135
REAL__id03678,id03678,0,train,0.5253720283508301
REAL__id03707,id03707,0,train,0.53208988904953
REAL__id03713,id03713,0,train,0.5176512002944946
REAL__id03716,id03716,0,train,0.54207843542099
REAL__id03747,id03747,0,train,0.5131273865699768
REAL__id03781,id03781,0,train,0.5330989956855774
REAL__id03815,id03815,0,train,0.521813154220581
REAL__id03816,id03816,0,train,0.5109188556671143
REAL__id03858,id03858,0,train,0.5313652157783508
REAL__id03889,id03889,0,train,0.5481173992156982
REAL__id03965,id03965,0,train,0.5252355337142944
REAL__id03985,id03985,0,train,0.555863082408905
REAL__id04055,id04055,0,train,0.5464907884597778
REAL__id04057,id04057,0,train,0.5202776193618774
REAL__id04066,id04066,0,train,0.5099906325340271
REAL__id04070,id04070,0,train,0.5116903781890869
REAL__id04073,id04073,0,train,0.5101819038391113
REAL__id04111,id04111,0,train,0.5546188950538635
REAL__id04144,id04144,0,train,0.5337445139884949
REAL__id04216,id04216,0,train,0.5280870199203491
REAL__id04219,id04219,0,train,0.5131420493125916
REAL__id04221,id04221,0,train,0.5290741920471191
REAL__id04245,id04245,0,train,0.531564474105835
REAL__id04374,id04374,0,train,0.5220481753349304
REAL__id04376,id04376,0,train,0.5019165873527527
REAL__id04437,id04437,0,train,0.5139949321746826
REAL__id04490,id04490,0,train,0.5227141976356506
REAL__id04529,id04529,0,train,0.5500719547271729
REAL__id04530,id04530,0,train,0.5206188559532166
REAL__id04537,id04537,0,train,0.5578509569168091
REAL__id04540,id04540,0,train,0.5288618206977844
REAL__id04547,id04547,0,train,0.5378462672233582
REAL__id04560,id04560,0,train,0.5526617765426636
REAL__id04561,id04561,0,train,0.5249329209327698
REAL__id04562,id04562,0,train,0.5028439164161682
REAL__id04564,id04564,0,train,0.5066190958023071
REAL__id04582,id04582,0,train,0.5268353819847107
REAL__id04583,id04583,0,train,0.5187284350395203
REAL__id04599,id04599,0,train,0.5205197334289551
REAL__id04601,id04601,0,train,0.5106514692306519
REAL__id04689,id04689,0,train,0.5145116448402405
REAL__id04691,id04691,0,train,0.5270301103591919
REAL__id04701,id04701,0,train,0.5276623368263245
REAL__id04726,id04726,0,train,0.5269957184791565
REAL__id04736,id04736,0,train,0.5149013996124268
REAL__id04789,id04789,0,train,0.5427768230438232
REAL__id04820,id04820,0,train,0.513860821723938
REAL__id04927,id04927,0,train,0.5362055897712708
REAL__id04928,id04928,0,train,0.5366040468215942
REAL__id04939,id04939,0,train,0.5325374603271484
REAL__id05106,id05106,0,train,0.5012863278388977
REAL__id05231,id05231,0,train,0.5160382390022278
REAL__id05235,id05235,0,train,0.5242742896080017
REAL__id05251,id05251,0,train,0.5143361687660217
REAL__id05252,id05252,0,train,0.5111446976661682
REAL__id05332,id05332,0,train,0.5288491249084473
REAL__id05434,id05434,0,train,0.5119175910949707
REAL__id05435,id05435,0,train,0.5324319005012512
REAL__id05478,id05478,0,train,0.5085353851318359
REAL__id05479,id05479,0,train,0.5218713879585266
REAL__id05576,id05576,0,train,0.5463151931762695
REAL__id05620,id05620,0,train,0.5771082639694214
REAL__id05631,id05631,0,train,0.5154241323471069
REAL__id05743,id05743,0,train,0.5313697457313538
REAL__id05844,id05844,0,train,0.5130059123039246
REAL__id05920,id05920,0,train,0.5285765528678894
REAL__id05931,id05931,0,train,0.5162675380706787
REAL__id05980,id05980,0,train,0.5473355054855347
REAL__id06054,id06054,0,train,0.5078320503234863
REAL__id06060,id06060,0,train,0.5181301832199097
REAL__id06065,id06065,0,train,0.5096251964569092
REAL__id06066,id06066,0,train,0.5349465608596802
REAL__id06152,id06152,0,train,0.5227363109588623
REAL__id06158,id06158,0,train,0.5403962731361389
REAL__id06225,id06225,0,train,0.5345192551612854
REAL__id06232,id06232,0,train,0.5188905000686646
REAL__id06254,id06254,0,train,0.500607967376709
REAL__id06269,id06269,0,train,0.4720149636268616
REAL__id06334,id06334,0,train,0.5228017568588257
REAL__id06343,id06343,0,train,0.5238338112831116
REAL__id06354,id06354,0,train,0.5188423991203308
REAL__id06355,id06355,0,train,0.49794262647628784
REAL__id06388,id06388,0,train,0.4989577531814575
REAL__id06427,id06427,0,train,0.5369920134544373
REAL__id06437,id06437,0,train,0.533744215965271
REAL__id06438,id06438,0,train,0.5479136109352112
REAL__id06439,id06439,0,train,0.5072662830352783
REAL__id06443,id06443,0,train,0.5298154950141907
REAL__id06445,id06445,0,train,0.525481641292572
REAL__id06462,id06462,0,train,0.4987211227416992
REAL__id06467,id06467,0,train,0.5487561225891113
REAL__id06535,id06535,0,train,0.5220575332641602
REAL__id06752,id06752,0,train,0.5184928178787231
REAL__id06753,id06753,0,train,0.5067765712738037
REAL__id06776,id06776,0,train,0.49793732166290283
REAL__id06807,id06807,0,train,0.5159038305282593
REAL__id06878,id06878,0,train,0.5203921794891357
REAL__id07008,id07008,0,train,0.5512940287590027
REAL__id07039,id07039,0,train,0.5099785327911377
REAL__id07049,id07049,0,train,0.5344133377075195
REAL__id07051,id07051,0,train,0.5112671256065369
REAL__id07078,id07078,0,train,0.5223377346992493
REAL__id07136,id07136,0,train,0.5506041646003723
REAL__id07161,id07161,0,train,0.5168037414550781
REAL__id07163,id07163,0,train,0.5378527641296387
REAL__id07165,id07165,0,train,0.5267459750175476
REAL__id07179,id07179,0,train,0.5250898003578186
REAL__id07182,id07182,0,train,0.528616726398468
REAL__id07195,id07195,0,train,0.494525671005249
REAL__id07200,id07200,0,train,0.5313229560852051
REAL__id07210,id07210,0,train,0.49542534351348877
REAL__id07236,id07236,0,train,0.5470524430274963
REAL__id07383,id07383,0,train,0.5457955598831177
REAL__id07463,id07463,0,train,0.5419571399688721
REAL__id07686,id07686,0,train,0.5123723149299622
REAL__id07689,id07689,0,train,0.5268710255622864
REAL__id07739,id07739,0,train,0.5455540418624878
REAL__id07768,id07768,0,train,0.5238099694252014
REAL__id07901,id07901,0,train,0.5388234257698059
REAL__id08139,id08139,0,train,0.5169380307197571
REAL__id08299,id08299,0,train,0.5331218242645264
REAL__id08313,id08313,0,train,0.5520778298377991
REAL__id08314,id08314,0,train,0.5281190276145935
REAL__id08397,id08397,0,train,0.5221467614173889
REAL__id08402,id08402,0,train,0.5297467112541199
REAL__id08457,id08457,0,train,0.5387863516807556
REAL__id08613,id08613,0,train,0.5124281048774719
REAL__id08819,id08819,0,train,0.508904755115509
REAL__id09116,id09116,0,train,0.5327168703079224
REAL__id09125,id09125,0,train,0.565532922744751
REAL__id09143,id09143,0,train,0.5479169487953186
REAL__id09174,id09174,0,train,0.5264424681663513
REAL__id09175,id09175,0,train,0.5315793752670288
FAKE__id00029,id00029,1,val,0.5338695049285889
FAKE__id00076,id00076,1,val,0.49022331833839417
FAKE__id00183,id00183,1,val,0.5317199230194092
FAKE__id00220,id00220,1,val,0.5218490362167358
FAKE__id00225,id00225,1,val,0.5230219960212708
FAKE__id00330,id00330,1,val,0.5194250345230103
FAKE__id00374,id00374,1,val,0.5517439842224121
FAKE__id00460,id00460,1,val,0.5487331748008728
FAKE__id00476,id00476,1,val,0.5330553650856018
FAKE__id00484,id00484,1,val,0.5034624338150024
FAKE__id00488,id00488,1,val,0.5153083205223083
FAKE__id00520,id00520,1,val,0.5559067726135254
FAKE__id00554,id00554,1,val,0.5196051001548767
FAKE__id00581,id00581,1,val,0.5327050089836121
FAKE__id00582,id00582,1,val,0.5381595492362976
FAKE__id00919,id00919,1,val,0.5190489888191223
FAKE__id00935,id00935,1,val,0.5634949207305908
FAKE__id00990,id00990,1,val,0.5150516033172607
FAKE__id01002,id01002,1,val,0.5328000783920288
FAKE__id01035,id01035,1,val,0.523994505405426
FAKE__id01076,id01076,1,val,0.5337862372398376
FAKE__id01096,id01096,1,val,0.5378599166870117
FAKE__id01170,id01170,1,val,0.5433047413825989
FAKE__id01201,id01201,1,val,0.5134884715080261
FAKE__id01530,id01530,1,val,0.51151442527771
FAKE__id01544,id01544,1,val,0.5150488615036011
FAKE__id01779,id01779,1,val,0.5388414263725281
FAKE__id02296,id02296,1,val,0.500855565071106
FAKE__id02365,id02365,1,val,0.5340445041656494
FAKE__id02466,id02466,1,val,0.5337883234024048
FAKE__id02553,id02553,1,val,0.5201148390769958
FAKE__id02587,id02587,1,val,0.5525547862052917
FAKE__id02617,id02617,1,val,0.5413071513175964
FAKE__id02948,id02948,1,val,0.5470539331436157
FAKE__id03180,id03180,1,val,0.5538147687911987
FAKE__id03589,id03589,1,val,0.5275386571884155
FAKE__id03620,id03620,1,val,0.5160384774208069
FAKE__id03668,id03668,1,val,0.5444939732551575
FAKE__id03985,id03985,1,val,0.5283844470977783
FAKE__id04414,id04414,1,val,0.49826815724372864
FAKE__id04554,id04554,1,val,0.5316997170448303
FAKE__id04561,id04561,1,val,0.5276374220848083
FAKE__id04687,id04687,1,val,0.4987472891807556
FAKE__id04736,id04736,1,val,0.5723738670349121
FAKE__id04820,id04820,1,val,0.5328431725502014
FAKE__id04928,id04928,1,val,0.5278358459472656
FAKE__id06054,id06054,1,val,0.5236108899116516
FAKE__id06445,id06445,1,val,0.5123842358589172
FAKE__id06591,id06591,1,val,0.5146942734718323
FAKE__id06776,id06776,1,val,0.5485628247261047
FAKE__id07039,id07039,1,val,0.540714681148529
FAKE__id07051,id07051,1,val,0.5245389938354492
FAKE__id07165,id07165,1,val,0.5324082970619202
FAKE__id07179,id07179,1,val,0.5447556376457214
FAKE__id08299,id08299,1,val,0.5364009737968445
FAKE__id09175,id09175,1,val,0.5158306956291199
REAL__id00060,id00060,0,val,0.5486648678779602
REAL__id00080,id00080,0,val,0.5270866751670837
REAL__id00082,id00082,0,val,0.5162892937660217
REAL__id00171,id00171,0,val,0.5582922697067261
REAL__id00231,id00231,0,val,0.5346450209617615
REAL__id00234,id00234,0,val,0.5376803278923035
REAL__id00241,id00241,0,val,0.5032031536102295
REAL__id00253,id00253,0,val,0.5203275084495544
REAL__id00265,id00265,0,val,0.5080525875091553
REAL__id00330,id00330,0,val,0.5547664165496826
REAL__id00385,id00385,0,val,0.5079883933067322
REAL__id00391,id00391,0,val,0.5392120480537415
REAL__id00403,id00403,0,val,0.5349236726760864
REAL__id00434,id00434,0,val,0.5008427500724792
REAL__id00460,id00460,0,val,0.51924729347229
REAL__id00476,id00476,0,val,0.5027656555175781
REAL__id00555,id00555,0,val,0.5147353410720825
REAL__id00581,id00581,0,val,0.5259480476379395
REAL__id00592,id00592,0,val,0.5301575064659119
REAL__id00732,id00732,0,val,0.551086962223053
REAL__id00739,id00739,0,val,0.5291561484336853
REAL__id00775,id00775,0,val,0.5427674055099487
REAL__id00823,id00823,0,val,0.5210731625556946
REAL__id00830,id00830,0,val,0.5253908038139343
REAL__id00848,id00848,0,val,0.520706295967102
REAL__id00971,id00971,0,val,0.515127420425415
REAL__id00981,id00981,0,val,0.5275658369064331
REAL__id00987,id00987,0,val,0.5511013865470886
REAL__id00999,id00999,0,val,0.5171815156936646
REAL__id01058,id01058,0,val,0.5321458578109741
REAL__id01123,id01123,0,val,0.5666155815124512
REAL__id01212,id01212,0,val,0.5185534358024597
REAL__id01227,id01227,0,val,0.522656261920929
REAL__id01521,id01521,0,val,0.5140487551689148
REAL__id01589,id01589,0,val,0.5110998153686523
REAL__id01691,id01691,0,val,0.5385431051254272
REAL__id01856,id01856,0,val,0.5354601144790649
REAL__id01933,id01933,0,val,0.5254149436950684
REAL__id02005,id02005,0,val,0.5287409424781799
REAL__id02508,id02508,0,val,0.5291723012924194
REAL__id02948,id02948,0,val,0.530897855758667
REAL__id03103,id03103,0,val,0.5322462916374207
REAL__id03344,id03344,0,val,0.5420975089073181
REAL__id03379,id03379,0,val,0.5328543782234192
REAL__id03569,id03569,0,val,0.5071226954460144
REAL__id03668,id03668,0,val,0.5221343636512756
REAL__id03696,id03696,0,val,0.526099681854248
REAL__id03940,id03940,0,val,0.5009033679962158
REAL__id03941,id03941,0,val,0.5352265238761902
REAL__id03945,id03945,0,val,0.5205453634262085
REAL__id04034,id04034,0,val,0.5588865876197815
REAL__id04222,id04222,0,val,0.5125840306282043
REAL__id04414,id04414,0,val,0.5245879888534546
REAL__id04526,id04526,0,val,0.5255202054977417
REAL__id04554,id04554,0,val,0.5154653787612915
REAL__id04705,id04705,0,val,0.5043590664863586
REAL__id04727,id04727,0,val,0.513062596321106
REAL__id05845,id05845,0,val,0.5126194357872009
REAL__id06061,id06061,0,val,0.5319957137107849
REAL__id06268,id06268,0,val,0.5829811692237854
REAL__id06428,id06428,0,val,0.5290926098823547
REAL__id06591,id06591,0,val,0.5144699215888977
REAL__id07102,id07102,0,val,0.5531168580055237
REAL__id07108,id07108,0,val,0.5464869141578674
REAL__id07377,id07377,0,val,0.5468287467956543
REAL__id07799,id07799,0,val,0.5159876942634583
REAL__id09053,id09053,0,val,0.5095310211181641
REAL__id09171,id09171,0,val,0.5240731239318848
REAL__id09181,id09181,0,val,0.5201678276062012
